date,state,death,negative,positive
2021-01,AK,56,0,7137
2021-02,AK,28,0,3391
2021-03,AK,15,0,897
2021-04,AK,0,0,0
2021-05,AK,0,0,0
2021-06,AK,0,0,0
2021-07,AK,0,0,0
2021-08,AK,0,0,0
2021-09,AK,0,0,0
2021-10,AK,0,0,0
2021-11,AK,0,0,0
2021-12,AK,0,0,0
2020-01,AK,0,0,0
2020-02,AK,0,0,0
2020-03,AK,3,0,128
2020-04,AK,6,0,227
2020-05,AK,1,0,108
2020-06,AK,4,0,481
2020-07,AK,9,0,2049
2020-08,AK,14,0,2293
2020-09,AK,19,0,2603
2020-10,AK,26,0,7423
2020-11,AK,39,0,16011
2020-12,AK,85,0,14138
2021-01,AL,2861,194967,98413
2021-02,AL,2241,125305,33613
2021-03,AL,219,28020,6567
2021-04,AL,0,0,0
2021-05,AL,0,0,0
2021-06,AL,0,0,0
2021-07,AL,0,0,0
2021-08,AL,0,0,0
2021-09,AL,0,0,0
2021-10,AL,0,0,0
2021-11,AL,0,0,0
2021-12,AL,0,0,0
2020-01,AL,0,0,0
2020-02,AL,0,0,0
2020-03,AL,13,6298,981
2020-04,AL,256,73879,6038
2020-05,AL,362,119473,10884
2020-06,AL,319,168957,20142
2020-07,AL,630,233137,49678
2020-08,AL,602,257485,38335
2020-09,AL,358,135246,28643
2020-10,AL,427,187483,37584
2020-11,AL,611,194366,57239
2020-12,AL,1249,207095,111702
2021-01,AR,1192,331166,70130
2021-02,AR,375,245987,27147
2021-03,AR,76,38859,2403
2021-04,AR,0,0,0
2021-05,AR,0,0,0
2021-06,AR,0,0,0
2021-07,AR,0,0,0
2021-08,AR,0,0,0
2021-09,AR,0,0,0
2021-10,AR,0,0,0
2021-11,AR,0,0,0
2021-12,AR,0,0,0
2020-01,AR,0,0,0
2020-02,AR,0,0,0
2020-03,AR,8,5953,523
2020-04,AR,53,39165,2732
2020-05,AR,72,77138,3998
2020-06,AR,137,168164,13524
2020-07,AR,183,170532,21734
2020-08,AR,344,204853,18713
2020-09,AR,572,283296,22473
2020-10,AR,556,294383,28493
2020-11,AR,577,301911,45169
2020-12,AR,1174,319303,67779
2021-01,AS,0,0,0
2021-02,AS,0,0,0
2021-03,AS,0,0,0
2021-04,AS,0,0,0
2021-05,AS,0,0,0
2021-06,AS,0,0,0
2021-07,AS,0,0,0
2021-08,AS,0,0,0
2021-09,AS,0,0,0
2021-10,AS,0,0,0
2021-11,AS,0,0,0
2021-12,AS,0,0,0
2020-01,AS,0,0,0
2020-02,AS,0,0,0
2020-03,AS,0,3,0
2020-04,AS,0,0,0
2020-05,AS,0,171,0
2020-06,AS,0,522,0
2020-07,AS,0,341,0
2020-08,AS,0,477,0
2020-09,AS,0,57,0
2020-10,AS,0,45,0
2020-11,AS,0,372,0
2020-12,AS,0,152,0
2021-01,AZ,4256,407408,238197
2021-02,AZ,2860,249788,58378
2021-03,AZ,348,76179,9672
2021-04,AZ,0,0,0
2021-05,AZ,0,0,0
2021-06,AZ,0,0,0
2021-07,AZ,0,0,0
2021-08,AZ,0,0,0
2021-09,AZ,0,0,0
2021-10,AZ,0,0,0
2021-11,AZ,0,0,0
2021-12,AZ,0,0,0
2020-01,AZ,0,0,0
2020-02,AZ,0,0,0
2020-03,AZ,24,18055,1287
2020-04,AZ,296,46056,6359
2020-05,AZ,586,141132,12288
2020-06,AZ,726,247871,59279
2020-07,AZ,2062,306592,94795
2020-08,AZ,1335,242861,27825
2020-09,AZ,621,241047,16672
2020-10,AZ,329,287782,27439
2020-11,AZ,660,405526,80871
2020-12,AZ,2225,402686,193390
2021-01,CA,15311,0,997969
2021-02,CA,11282,0,232214
2021-03,CA,2145,0,25832
2021-04,CA,0,0,0
2021-05,CA,0,0,0
2021-06,CA,0,0,0
2021-07,CA,0,0,0
2021-08,CA,0,0,0
2021-09,CA,0,0,0
2021-10,CA,0,0,0
2021-11,CA,0,0,0
2021-12,CA,0,0,0
2020-01,CA,0,0,0
2020-02,CA,0,0,0
2020-03,CA,153,21310,7429
2020-04,CA,1829,21772,41435
2020-05,CA,2231,0,61666
2020-06,CA,1767,0,118149
2020-07,CA,3025,0,264856
2020-08,CA,3928,0,210497
2020-09,CA,2859,0,106540
2020-10,CA,1834,0,111380
2020-11,CA,1515,0,290963
2020-12,CA,6245,0,1032411
2021-01,CO,823,196173,62082
2021-02,CO,314,160886,32124
2021-03,CO,38,26830,8299
2021-04,CO,0,0,0
2021-05,CO,0,0,0
2021-06,CO,0,0,0
2021-07,CO,0,0,0
2021-08,CO,0,0,0
2021-09,CO,0,0,0
2021-10,CO,0,0,0
2021-11,CO,0,0,0
2021-12,CO,0,0,0
2020-01,CO,0,0,0
2020-02,CO,0,0,0
2020-03,CO,69,13864,2964
2020-04,CO,708,43223,12318
2020-05,CO,668,102892,11094
2020-06,CO,245,134790,6337
2020-07,CO,148,191806,14094
2020-08,CO,107,170750,10615
2020-09,CO,106,188504,13112
2020-10,CO,234,276208,36814
2020-11,CO,752,409288,125555
2020-12,CO,1777,284225,101192
2021-01,CT,1051,0,64315
2021-02,CT,576,0,29923
2021-03,CT,82,0,5384
2021-04,CT,0,0,0
2021-05,CT,0,0,0
2021-06,CT,0,0,0
2021-07,CT,0,0,0
2021-08,CT,0,0,0
2021-09,CT,0,0,0
2021-10,CT,0,0,0
2021-11,CT,0,0,0
2021-12,CT,0,0,0
2020-01,CT,0,0,0
2020-02,CT,0,0,0
2020-03,CT,69,0,3128
2020-04,CT,2188,0,24572
2020-05,CT,1687,0,14501
2020-06,CT,378,0,4313
2020-07,CT,110,0,3296
2020-08,CT,33,0,3069
2020-09,CT,43,0,4671
2020-10,CT,108,0,13657
2020-11,CT,404,0,46088
2020-12,CT,975,0,68413
2021-01,DC,127,0,7889
2021-02,DC,104,0,3726
2021-03,DC,13,0,821
2021-04,DC,0,0,0
2021-05,DC,0,0,0
2021-06,DC,0,0,0
2021-07,DC,0,0,0
2021-08,DC,0,0,0
2021-09,DC,0,0,0
2021-10,DC,0,0,0
2021-11,DC,0,0,0
2021-12,DC,0,0,0
2020-01,DC,0,0,0
2020-02,DC,0,0,0
2020-03,DC,9,0,495
2020-04,DC,215,0,3828
2020-05,DC,242,0,4478
2020-06,DC,85,0,1526
2020-07,DC,34,0,1799
2020-08,DC,22,0,1866
2020-09,DC,20,0,1334
2020-10,DC,19,0,1940
2020-11,DC,34,0,4286
2020-12,DC,106,0,7431
2021-01,DE,164,55312,20615
2021-02,DE,332,30703,8728
2021-03,DE,51,6426,1555
2021-04,DE,0,0,0
2021-05,DE,0,0,0
2021-06,DE,0,0,0
2021-07,DE,0,0,0
2021-08,DE,0,0,0
2021-09,DE,0,0,0
2021-10,DE,0,0,0
2021-11,DE,0,0,0
2021-12,DE,0,0,0
2020-01,DE,0,0,0
2020-02,DE,0,0,0
2020-03,DE,12,3686,319
2020-04,DE,198,13390,4415
2020-05,DE,258,34087,4764
2020-06,DE,41,48234,1976
2020-07,DE,76,66852,3314
2020-08,DE,20,53161,2641
2020-09,DE,31,46529,3184
2020-10,DE,72,59828,4338
2020-11,DE,64,62911,10703
2020-12,DE,154,63941,21802
2021-01,FL,4925,1056400,389172
2021-02,FL,4491,724070,184454
2021-03,FL,860,153504,35055
2021-04,FL,0,0,0
2021-05,FL,0,0,0
2021-06,FL,0,0,0
2021-07,FL,0,0,0
2021-08,FL,0,0,0
2021-09,FL,0,0,0
2021-10,FL,0,0,0
2021-11,FL,0,0,0
2021-12,FL,0,0,0
2020-01,FL,0,0,0
2020-02,FL,0,0,0
2020-03,FL,77,54285,5612
2020-04,FL,1213,294430,26917
2020-05,FL,1244,616471,21981
2020-06,FL,1070,827375,95379
2020-07,FL,3362,1365141,313468
2020-08,FL,4365,834366,153272
2020-09,FL,3157,602600,81422
2020-10,FL,2481,740127,93946
2020-11,FL,1865,921637,191373
2020-12,FL,3156,1148632,317158
2021-01,GA,3264,0,242993
2021-02,GA,3097,0,97076
2021-03,GA,611,0,16966
2021-04,GA,0,0,0
2021-05,GA,0,0,0
2021-06,GA,0,0,0
2021-07,GA,0,0,0
2021-08,GA,0,0,0
2021-09,GA,0,0,0
2021-10,GA,0,0,0
2021-11,GA,0,0,0
2021-12,GA,0,0,0
2020-01,GA,0,0,0
2020-02,GA,0,0,0
2020-03,GA,111,0,3927
2020-04,GA,1009,0,22226
2020-05,GA,922,0,20831
2020-06,GA,763,0,34305
2020-07,GA,947,0,105061
2020-08,GA,1880,0,84119
2020-09,GA,1389,0,47555
2020-10,GA,958,0,42764
2020-11,GA,1473,0,110773
2020-12,GA,1482,0,194889
2021-01,GU,7,9668,270
2021-02,GU,2,11324,149
2021-03,GU,2,3020,13
2021-04,GU,0,0,0
2021-05,GU,0,0,0
2021-06,GU,0,0,0
2021-07,GU,0,0,0
2021-08,GU,0,0,0
2021-09,GU,0,0,0
2021-10,GU,0,0,0
2021-11,GU,0,0,0
2021-12,GU,0,0,0
2020-01,GU,0,0,0
2020-02,GU,0,0,0
2020-03,GU,2,348,66
2020-04,GU,3,1591,77
2020-05,GU,0,3967,27
2020-06,GU,0,7127,86
2020-07,GU,0,8470,97
2020-08,GU,5,14963,1039
2020-09,GU,39,11137,1093
2020-10,GU,30,15145,2193
2020-11,GU,33,14796,2171
2020-12,GU,10,11308,465
2021-01,HI,122,0,4686
2021-02,HI,29,0,1808
2021-03,HI,6,0,373
2021-04,HI,0,0,0
2021-05,HI,0,0,0
2021-06,HI,0,0,0
2021-07,HI,0,0,0
2021-08,HI,0,0,0
2021-09,HI,0,0,0
2021-10,HI,0,0,0
2021-11,HI,0,0,0
2021-12,HI,0,0,0
2020-01,HI,0,0,0
2020-02,HI,0,0,0
2020-03,HI,0,8471,204
2020-04,HI,16,21556,409
2020-05,HI,1,23942,38
2020-06,HI,1,22874,249
2020-07,HI,8,42536,1089
2020-08,HI,37,69001,6350
2020-09,HI,69,95831,4130
2020-10,HI,84,284211,2747
2020-11,HI,28,0,3007
2020-12,HI,44,0,3609
2021-01,IA,1010,54084,28385
2021-02,IA,570,47660,12481
2021-03,IA,87,10628,2345
2021-04,IA,0,0,0
2021-05,IA,0,0,0
2021-06,IA,0,0,0
2021-07,IA,0,0,0
2021-08,IA,0,0,0
2021-09,IA,0,0,0
2021-10,IA,0,0,0
2021-11,IA,0,0,0
2021-12,IA,0,0,0
2020-01,IA,0,0,0
2020-02,IA,0,0,0
2020-03,IA,7,6873,497
2020-04,IA,155,28634,6648
2020-05,IA,372,101222,12407
2020-06,IA,181,138437,9455
2020-07,IA,152,154649,15575
2020-08,IA,249,127714,18746
2020-09,IA,228,121727,22268
2020-10,IA,372,91406,34159
2020-11,IA,687,97729,82655
2020-12,IA,1488,63640,36763
2021-01,ID,322,43219,22819
2021-02,ID,135,29459,8457
2021-03,ID,19,5868,1791
2021-04,ID,0,0,0
2021-05,ID,0,0,0
2021-06,ID,0,0,0
2021-07,ID,0,0,0
2021-08,ID,0,0,0
2021-09,ID,0,0,0
2021-10,ID,0,0,0
2021-11,ID,0,0,0
2021-12,ID,0,0,0
2020-01,ID,0,0,0
2020-02,ID,0,0,0
2020-03,ID,7,5270,414
2020-04,ID,53,21565,1570
2020-05,ID,22,16996,855
2020-06,ID,9,39693,2913
2020-07,ID,86,75313,14494
2020-08,ID,182,65282,11621
2020-09,ID,105,44861,9567
2020-10,ID,162,59073,22376
2020-11,ID,294,59526,36674
2020-12,ID,483,39812,39380
2021-01,IL,3275,0,162912
2021-02,IL,1482,0,60395
2021-03,IL,279,0,11639
2021-04,IL,0,0,0
2021-05,IL,0,0,0
2021-06,IL,0,0,0
2021-07,IL,0,0,0
2021-08,IL,0,0,0
2021-09,IL,0,0,0
2021-10,IL,0,0,0
2021-11,IL,0,0,0
2021-12,IL,0,0,0
2020-01,IL,0,0,0
2020-02,IL,0,0,0
2020-03,IL,99,0,5990
2020-04,IL,2256,0,46924
2020-05,IL,3035,0,67342
2020-06,IL,1734,0,23978
2020-07,IL,568,0,35880
2020-08,IL,543,0,56607
2020-09,IL,681,0,59038
2020-10,IL,1134,0,120796
2020-11,IL,2935,0,309745
2020-12,IL,4993,0,237085
2021-01,IN,1711,205975,115197
2021-02,IN,2599,124343,34991
2021-03,IN,164,27628,5589
2021-04,IN,0,0,0
2021-05,IN,0,0,0
2021-06,IN,0,0,0
2021-07,IN,0,0,0
2021-08,IN,0,0,0
2021-09,IN,0,0,0
2021-10,IN,0,0,0
2021-11,IN,0,0,0
2021-12,IN,0,0,0
2020-01,IN,0,0,0
2020-02,IN,0,0,0
2020-03,IN,49,11214,2159
2020-04,IN,1065,65949,15676
2020-05,IN,1020,149809,16739
2020-06,IN,506,211630,11020
2020-07,IN,325,242627,20560
2020-08,IN,331,301522,28042
2020-09,IN,336,277080,25823
2020-10,IN,700,259819,59339
2020-11,IN,1391,345954,159619
2020-12,IN,2540,259606,172508
2021-01,KS,1038,115239,52252
2021-02,KS,956,66762,18978
2021-03,KS,77,13886,2198
2021-04,KS,0,0,0
2021-05,KS,0,0,0
2021-06,KS,0,0,0
2021-07,KS,0,0,0
2021-08,KS,0,0,0
2021-09,KS,0,0,0
2021-10,KS,0,0,0
2021-11,KS,0,0,0
2021-12,KS,0,0,0
2020-01,KS,0,0,0
2020-02,KS,0,0,0
2020-03,KS,9,4992,428
2020-04,KS,120,22392,3810
2020-05,KS,79,57842,5481
2020-06,KS,62,77052,4724
2020-07,KS,88,102413,13369
2020-08,KS,88,105942,14800
2020-09,KS,232,91064,17137
2020-10,KS,351,95900,25432
2020-11,KS,531,107837,72265
2020-12,KS,1181,113361,64987
2021-01,KY,1122,0,97628
2021-02,KY,892,0,41732
2021-03,KY,182,0,6087
2021-04,KY,0,0,0
2021-05,KY,0,0,0
2021-06,KY,0,0,0
2021-07,KY,0,0,0
2021-08,KY,0,0,0
2021-09,KY,0,0,0
2021-10,KY,0,0,0
2021-11,KY,0,0,0
2021-12,KY,0,0,0
2020-01,KY,0,0,0
2020-02,KY,0,0,0
2020-03,KY,11,0,480
2020-04,KY,224,0,4059
2020-05,KY,196,0,5165
2020-06,KY,134,0,5920
2020-07,KY,170,0,14527
2020-08,KY,198,0,18245
2020-09,KY,241,0,20444
2020-10,KY,311,0,38379
2020-11,KY,423,0,71822
2020-12,KY,715,0,86221
2021-01,LA,1371,707915,85351
2021-02,LA,749,540245,29474
2021-03,LA,140,114612,3685
2021-04,LA,0,0,0
2021-05,LA,0,0,0
2021-06,LA,0,0,0
2021-07,LA,0,0,0
2021-08,LA,0,0,0
2021-09,LA,0,0,0
2021-10,LA,0,0,0
2021-11,LA,0,0,0
2021-12,LA,0,0,0
2020-01,LA,0,0,0
2020-02,LA,0,0,0
2020-03,LA,239,33730,5237
2020-04,LA,1666,99578,22764
2020-05,LA,886,201885,11915
2020-06,LA,430,335223,18179
2020-07,LA,728,555547,58185
2020-08,LA,1001,498633,32614
2020-09,LA,561,426550,18564
2020-10,LA,408,425876,19191
2020-11,LA,501,594283,45765
2020-12,LA,1068,727602,82861
2021-01,MA,2154,434023,148847
2021-02,MA,1541,256351,57123
2021-03,MA,299,56253,10208
2021-04,MA,0,0,0
2021-05,MA,0,0,0
2021-06,MA,0,0,0
2021-07,MA,0,0,0
2021-08,MA,0,0,0
2021-09,MA,0,0,0
2021-10,MA,0,0,0
2021-11,MA,0,0,0
2021-12,MA,0,0,0
2020-01,MA,0,0,0
2020-02,MA,0,0,0
2020-03,MA,153,40315,6620
2020-04,MA,3409,173127,55585
2020-05,MA,3284,282446,34760
2020-06,MA,1208,243371,11917
2020-07,MA,555,331559,8730
2020-08,MA,451,543166,10921
2020-09,MA,396,490465,3583
2020-10,MA,535,482353,26460
2020-11,MA,757,540412,67556
2020-12,MA,1675,530951,149046
2021-01,MD,1232,315308,77811
2021-02,MD,742,158471,27626
2021-03,MD,86,34961,5220
2021-04,MD,0,0,0
2021-05,MD,0,0,0
2021-06,MD,0,0,0
2021-07,MD,0,0,0
2021-08,MD,0,0,0
2021-09,MD,0,0,0
2021-10,MD,0,0,0
2021-11,MD,0,0,0
2021-12,MD,0,0,0
2020-01,MD,0,0,0
2020-02,MD,0,0,0
2020-03,MD,43,14851,1660
2020-04,MD,1183,77749,20082
2020-05,MD,1370,156486,31036
2020-06,MD,594,219193,14781
2020-07,MD,303,354549,20787
2020-08,MD,262,399759,19903
2020-09,MD,194,270678,16476
2020-10,MD,198,300109,20556
2020-11,MD,494,353148,53089
2020-12,MD,1254,379267,78292
2021-01,ME,243,0,15123
2021-02,ME,113,0,5310
2021-03,ME,3,0,1160
2021-04,ME,0,0,0
2021-05,ME,0,0,0
2021-06,ME,0,0,0
2021-07,ME,0,0,0
2021-08,ME,0,0,0
2021-09,ME,0,0,0
2021-10,ME,0,0,0
2021-11,ME,0,0,0
2021-12,ME,0,0,0
2020-01,ME,0,0,0
2020-02,ME,0,0,0
2020-03,ME,5,0,303
2020-04,ME,48,0,792
2020-05,ME,36,0,1230
2020-06,ME,16,0,928
2020-07,ME,18,0,659
2020-08,ME,9,0,614
2020-09,ME,9,0,865
2020-10,ME,6,0,1277
2020-11,ME,47,0,5089
2020-12,ME,153,0,12444
2021-01,MI,2507,0,81517
2021-02,MI,983,0,35412
2021-03,MI,150,0,10522
2021-04,MI,0,0,0
2021-05,MI,0,0,0
2021-06,MI,0,0,0
2021-07,MI,0,0,0
2021-08,MI,0,0,0
2021-09,MI,0,0,0
2021-10,MI,0,0,0
2021-11,MI,0,0,0
2021-12,MI,0,0,0
2020-01,MI,0,0,0
2020-02,MI,0,0,0
2020-03,MI,551,0,18640
2020-04,MI,3883,0,28851
2020-05,MI,1384,0,16063
2020-06,MI,375,0,7160
2020-07,MI,257,0,19846
2020-08,MI,303,0,22451
2020-09,MI,330,0,24989
2020-10,MI,616,0,59392
2020-11,MI,1865,0,191536
2020-12,MI,3454,0,139679
2021-01,MN,877,250676,46505
2021-02,MN,283,186181,22787
2021-03,MN,67,49811,5417
2021-04,MN,0,0,0
2021-05,MN,0,0,0
2021-06,MN,0,0,0
2021-07,MN,0,0,0
2021-08,MN,0,0,0
2021-09,MN,0,0,0
2021-10,MN,0,0,0
2021-11,MN,0,0,0
2021-12,MN,0,0,0
2020-01,MN,0,0,0
2020-02,MN,0,0,0
2020-03,MN,12,20899,915
2020-04,MN,331,52414,7200
2020-05,MN,707,183784,18206
2020-06,MN,426,311880,9981
2020-07,MN,164,210878,18160
2020-08,MN,226,272268,21401
2020-09,MN,223,263408,23270
2020-10,MN,368,390219,49338
2020-11,MN,1136,511794,170291
2020-12,MN,1730,354266,96539
2021-01,MO,1229,123087,66249
2021-02,MO,1171,82057,19405
2021-03,MO,242,21137,2419
2021-04,MO,0,0,0
2021-05,MO,0,0,0
2021-06,MO,0,0,0
2021-07,MO,0,0,0
2021-08,MO,0,0,0
2021-09,MO,0,0,0
2021-10,MO,0,0,0
2021-11,MO,0,0,0
2021-12,MO,0,0,0
2020-01,MO,0,0,0
2020-02,MO,0,0,0
2020-03,MO,14,14614,1327
2020-04,MO,315,58511,6235
2020-05,MO,443,107289,5585
2020-06,MO,243,171042,8404
2020-07,MO,228,284994,28772
2020-08,MO,287,261808,34374
2020-09,MO,588,280014,41416
2020-10,MO,906,148697,57073
2020-11,MO,805,186962,116576
2020-12,MO,1690,138371,92808
2021-01,MP,0,0,10
2021-02,MP,0,0,11
2021-03,MP,0,0,2
2021-04,MP,0,0,0
2021-05,MP,0,0,0
2021-06,MP,0,0,0
2021-07,MP,0,0,0
2021-08,MP,0,0,0
2021-09,MP,0,0,0
2021-10,MP,0,0,0
2021-11,MP,0,0,0
2021-12,MP,0,0,0
2020-01,MP,0,0,0
2020-02,MP,0,0,0
2020-03,MP,1,0,2
2020-04,MP,1,585,12
2020-05,MP,0,5566,8
2020-06,MP,0,2036,8
2020-07,MP,0,3532,12
2020-08,MP,0,1767,14
2020-09,MP,0,1626,14
2020-10,MP,0,881,22
2020-11,MP,0,754,14
2020-12,MP,0,682,16
2021-01,MS,1258,166830,59190
2021-02,MS,636,141698,19794
2021-03,MS,127,23188,2786
2021-04,MS,0,0,0
2021-05,MS,0,0,0
2021-06,MS,0,0,0
2021-07,MS,0,0,0
2021-08,MS,0,0,0
2021-09,MS,0,0,0
2021-10,MS,0,0,0
2021-11,MS,0,0,0
2021-12,MS,0,0,0
2020-01,MS,0,0,0
2020-02,MS,0,0,0
2020-03,MS,20,3537,937
2020-04,MS,241,55988,5878
2020-05,MS,473,96811,8686
2020-06,MS,339,103963,11746
2020-07,MS,590,135459,31500
2020-08,MS,810,95157,24203
2020-09,MS,496,147928,15240
2020-10,MS,365,165421,21970
2020-11,MS,473,178131,33110
2020-12,MS,980,145263,62541
2021-01,MT,272,0,12394
2021-02,MT,124,0,6005
2021-03,MT,24,0,960
2021-04,MT,0,0,0
2021-05,MT,0,0,0
2021-06,MT,0,0,0
2021-07,MT,0,0,0
2021-08,MT,0,0,0
2021-09,MT,0,0,0
2021-10,MT,0,0,0
2021-11,MT,0,0,0
2021-12,MT,0,0,0
2020-01,MT,0,0,0
2020-02,MT,0,0,0
2020-03,MT,4,0,184
2020-04,MT,12,0,269
2020-05,MT,1,0,62
2020-06,MT,5,0,452
2020-07,MT,38,0,2998
2020-08,MT,44,0,3456
2020-09,MT,76,0,5650
2020-10,MT,195,0,19730
2020-11,MT,306,0,29397
2020-12,MT,280,0,19357
2021-01,NC,2587,0,217981
2021-02,NC,1877,0,101022
2021-03,NC,290,0,13628
2021-04,NC,0,0,0
2021-05,NC,0,0,0
2021-06,NC,0,0,0
2021-07,NC,0,0,0
2021-08,NC,0,0,0
2021-09,NC,0,0,0
2021-10,NC,0,0,0
2021-11,NC,0,0,0
2021-12,NC,0,0,0
2020-01,NC,0,0,0
2020-02,NC,0,0,0
2020-03,NC,8,0,1497
2020-04,NC,370,0,9011
2020-05,NC,508,0,18080
2020-06,NC,457,0,36081
2020-07,NC,581,0,57478
2020-08,NC,778,0,45165
2020-09,NC,830,0,43319
2020-10,NC,846,0,64003
2020-11,NC,883,0,89877
2020-12,NC,1487,0,175033
2021-01,ND,153,13203,5135
2021-02,ND,30,8495,2179
2021-03,ND,6,961,582
2021-04,ND,0,0,0
2021-05,ND,0,0,0
2021-06,ND,0,0,0
2021-07,ND,0,0,0
2021-08,ND,0,0,0
2021-09,ND,0,0,0
2021-10,ND,0,0,0
2021-11,ND,0,0,0
2021-12,ND,0,0,0
2020-01,ND,0,0,0
2020-02,ND,0,0,0
2020-03,ND,3,4131,117
2020-04,ND,16,22262,950
2020-05,ND,45,43070,1507
2020-06,ND,24,33083,998
2020-07,ND,19,44949,2882
2020-08,ND,40,42450,5336
2020-09,ND,102,29701,10013
2020-10,ND,280,30502,22391
2020-11,ND,404,20817,36485
2020-12,ND,356,12288,11816
2021-01,NE,309,53484,25416
2021-02,NE,162,31285,10135
2021-03,NE,31,7124,2178
2021-04,NE,0,0,0
2021-05,NE,0,0,0
2021-06,NE,0,0,0
2021-07,NE,0,0,0
2021-08,NE,0,0,0
2021-09,NE,0,0,0
2021-10,NE,0,0,0
2021-11,NE,0,0,0
2021-12,NE,0,0,0
2020-01,NE,0,0,0
2020-02,NE,0,0,0
2020-03,NE,3,2931,172
2020-04,NE,65,18606,3612
2020-05,NE,102,65700,10121
2020-06,NE,99,71878,5137
2020-07,NE,59,86075,6724
2020-08,NE,64,82115,8280
2020-09,NE,86,83289,10998
2020-10,NE,168,110779,24601
2020-11,NE,343,92528,56821
2020-12,NE,622,65334,38831
2021-01,NH,298,72237,21667
2021-02,NH,113,24776,9729
2021-03,NH,14,2979,1437
2021-04,NH,0,0,0
2021-05,NH,0,0,0
2021-06,NH,0,0,0
2021-07,NH,0,0,0
2021-08,NH,0,0,0
2021-09,NH,0,0,0
2021-10,NH,0,0,0
2021-11,NH,0,0,0
2021-12,NH,0,0,0
2020-01,NH,0,0,0
2020-02,NH,0,0,0
2020-03,NH,3,5653,365
2020-04,NH,69,14240,1779
2020-05,NH,173,47902,2505
2020-06,NH,126,45582,1131
2020-07,NH,44,39831,801
2020-08,NH,17,50423,692
2020-09,NH,7,61806,991
2020-10,NH,44,69401,2818
2020-11,NH,43,69360,9910
2020-12,NH,233,75382,23034
2021-01,NJ,2442,1452730,169844
2021-02,NJ,1768,1156937,92527
2021-03,NJ,322,318859,23253
2021-04,NJ,0,0,0
2021-05,NJ,0,0,0
2021-06,NJ,0,0,0
2021-07,NJ,0,0,0
2021-08,NJ,0,0,0
2021-09,NJ,0,0,0
2021-10,NJ,0,0,0
2021-11,NJ,0,0,0
2021-12,NJ,0,0,0
2020-01,NJ,0,0,0
2020-02,NJ,0,0,0
2020-03,NJ,364,27077,18696
2020-04,NJ,8300,102189,99956
2020-05,NJ,4748,456434,42152
2020-06,NJ,1532,665007,11833
2020-07,NJ,775,663962,11264
2020-08,NJ,228,751289,11504
2020-09,NJ,175,741799,15053
2020-10,NJ,228,1010463,39055
2020-11,NJ,643,1330972,117385
2020-12,NJ,2049,1509223,160087
2021-01,NM,806,0,31200
2021-02,NM,433,0,11068
2021-03,NM,92,0,1790
2021-04,NM,0,0,0
2021-05,NM,0,0,0
2021-06,NM,0,0,0
2021-07,NM,0,0,0
2021-08,NM,0,0,0
2021-09,NM,0,0,0
2021-10,NM,0,0,0
2021-11,NM,0,0,0
2021-12,NM,0,0,0
2020-01,NM,0,0,0
2020-02,NM,0,0,0
2020-03,NM,5,12915,281
2020-04,NM,118,12925,3130
2020-05,NM,233,0,4278
2020-06,NM,141,0,4458
2020-07,NM,145,0,8453
2020-08,NM,137,0,4752
2020-09,NM,98,0,4083
2020-10,NM,141,0,17055
2020-11,NM,550,0,50605
2020-12,NM,909,0,45769
2021-01,NV,1145,114793,53577
2021-02,NV,687,64412,15446
2021-03,NV,80,14529,2436
2021-04,NV,0,0,0
2021-05,NV,0,0,0
2021-06,NV,0,0,0
2021-07,NV,0,0,0
2021-08,NV,0,0,0
2021-09,NV,0,0,0
2021-10,NV,0,0,0
2021-11,NV,0,0,0
2021-12,NV,0,0,0
2020-01,NV,0,0,0
2020-02,NV,0,0,0
2020-03,NV,37,10667,1112
2020-04,NV,232,26307,3885
2020-05,NV,175,96979,3595
2020-06,NV,63,125145,9863
2020-07,NV,323,162703,29632
2020-08,NV,475,106878,21140
2020-09,NV,295,89423,10752
2020-10,NV,177,89608,20783
2020-11,NV,367,119956,51406
2020-12,NV,981,110344,72562
2021-01,NY,5138,0,436442
2021-02,NY,3319,0,219789
2021-03,NY,532,0,50724
2021-04,NY,0,0,0
2021-05,NY,0,0,0
2021-06,NY,0,0,0
2021-07,NY,0,0,0
2021-08,NY,0,0,0
2021-09,NY,0,0,0
2021-10,NY,0,0,0
2021-11,NY,0,0,0
2021-12,NY,0,0,0
2020-01,NY,0,0,0
2020-02,NY,0,0,0
2020-03,NY,1550,0,75795
2020-04,NY,16771,0,228577
2020-05,NY,5584,0,66398
2020-06,NY,950,0,22684
2020-07,NY,295,0,21560
2020-08,NY,178,0,19742
2020-09,NY,151,0,23893
2020-10,NY,328,0,48831
2020-11,NY,940,0,140500
2020-12,NY,3293,0,326234
2021-01,OH,2213,0,195412
2021-02,OH,6122,0,71630
2021-03,OH,359,0,11049
2021-04,OH,0,0,0
2021-05,OH,0,0,0
2021-06,OH,0,0,0
2021-07,OH,0,0,0
2021-08,OH,0,0,0
2021-09,OH,0,0,0
2021-10,OH,0,0,0
2021-11,OH,0,0,0
2021-12,OH,0,0,0
2020-01,OH,0,0,0
2020-02,OH,0,0,0
2020-03,OH,55,0,2199
2020-04,OH,920,0,15828
2020-05,OH,1180,0,17486
2020-06,OH,708,0,16276
2020-07,OH,626,0,39370
2020-08,OH,649,0,31998
2020-09,OH,666,0,30830
2020-10,OH,497,0,61710
2020-11,OH,1128,0,205366
2020-12,OH,2533,0,279317
2021-01,OK,1058,418032,98536
2021-02,OK,881,289488,35036
2021-03,OK,106,61471,4489
2021-04,OK,0,0,0
2021-05,OK,0,0,0
2021-06,OK,0,0,0
2021-07,OK,0,0,0
2021-08,OK,0,0,0
2021-09,OK,0,0,0
2021-10,OK,0,0,0
2021-11,OK,0,0,0
2021-12,OK,0,0,0
2020-01,OK,0,0,0
2020-02,OK,0,0,0
2020-03,OK,23,1229,564
2020-04,OK,199,58575,3053
2020-05,OK,112,126896,2888
2020-06,OK,53,141140,7251
2020-07,OK,154,261251,22730
2020-08,OK,259,217454,22246
2020-09,OK,231,310284,28466
2020-10,OK,306,377803,35563
2020-11,OK,406,378836,74983
2020-12,OK,746,503841,93191
2021-01,OR,489,0,30156
2021-02,OR,251,0,12899
2021-03,OR,88,0,1764
2021-04,OR,0,0,0
2021-05,OR,0,0,0
2021-06,OR,0,0,0
2021-07,OR,0,0,0
2021-08,OR,0,0,0
2021-09,OR,0,0,0
2021-10,OR,0,0,0
2021-11,OR,0,0,0
2021-12,OR,0,0,0
2020-01,OR,0,0,0
2020-02,OR,0,0,0
2020-03,OR,16,12277,606
2020-04,OR,85,39749,1840
2020-05,OR,52,70584,1739
2020-06,OR,51,104038,4300
2020-07,OR,112,153860,9646
2020-08,OR,142,146283,8423
2020-09,OR,97,119301,6737
2020-10,OR,120,164457,11097
2020-11,OR,230,158137,29732
2020-12,OR,563,0,38140
2021-01,PA,5683,372022,202899
2021-02,PA,2360,247435,88418
2021-03,PA,328,57538,17001
2021-04,PA,0,0,0
2021-05,PA,0,0,0
2021-06,PA,0,0,0
2021-07,PA,0,0,0
2021-08,PA,0,0,0
2021-09,PA,0,0,0
2021-10,PA,0,0,0
2021-11,PA,0,0,0
2021-12,PA,0,0,0
2020-01,PA,0,0,0
2020-02,PA,0,0,0
2020-03,PA,63,37645,4843
2020-04,PA,2229,137957,40920
2020-05,PA,3263,207509,26783
2020-06,PA,1094,294470,14060
2020-07,PA,540,427243,25442
2020-08,PA,484,419371,21977
2020-09,PA,469,354932,24942
2020-10,PA,670,435507,49060
2020-11,PA,1571,513415,153437
2020-12,PA,5595,437080,278861
2021-01,PR,326,0,17333
2021-02,PR,207,0,6673
2021-03,PR,26,0,1335
2021-04,PR,0,0,0
2021-05,PR,0,0,0
2021-06,PR,0,0,0
2021-07,PR,0,0,0
2021-08,PR,0,0,0
2021-09,PR,0,0,0
2021-10,PR,0,0,0
2021-11,PR,0,0,0
2021-12,PR,0,0,0
2020-01,PR,0,0,0
2020-02,PR,0,0,0
2020-03,PR,8,1186,234
2020-04,PR,84,8118,716
2020-05,PR,44,51109,349
2020-06,PR,17,132264,389
2020-07,PR,66,113286,4304
2020-08,PR,215,0,9479
2020-09,PR,227,0,8524
2020-10,PR,161,0,10138
2020-11,PR,284,0,18407
2020-12,PR,397,0,23746
2021-01,RI,359,79695,26166
2021-02,RI,346,40623,10729
2021-03,RI,33,9128,2345
2021-04,RI,0,0,0
2021-05,RI,0,0,0
2021-06,RI,0,0,0
2021-07,RI,0,0,0
2021-08,RI,0,0,0
2021-09,RI,0,0,0
2021-10,RI,0,0,0
2021-11,RI,0,0,0
2021-12,RI,0,0,0
2020-01,RI,0,0,0
2020-02,RI,0,0,0
2020-03,RI,8,3542,566
2020-04,RI,258,46556,8448
2020-05,RI,452,48690,5972
2020-06,RI,232,38382,1923
2020-07,RI,57,49822,2111
2020-08,RI,41,64954,2927
2020-09,RI,66,63905,2799
2020-10,RI,90,87300,8660
2020-11,RI,169,70008,23315
2020-12,RI,436,74963,32818
2021-01,SC,1746,918625,135879
2021-02,SC,1488,726776,73437
2021-03,SC,224,146264,9042
2021-04,SC,0,0,0
2021-05,SC,0,0,0
2021-06,SC,0,0,0
2021-07,SC,0,0,0
2021-08,SC,0,0,0
2021-09,SC,0,0,0
2021-10,SC,0,0,0
2021-11,SC,0,0,0
2021-12,SC,0,0,0
2020-01,SC,0,0,0
2020-02,SC,0,0,0
2020-03,SC,22,4611,1083
2020-04,SC,222,45801,5012
2020-05,SC,250,137938,5766
2020-06,SC,245,155818,24538
2020-07,SC,973,259646,52617
2020-08,SC,1008,226737,29976
2020-09,SC,658,330600,28950
2020-10,SC,557,464282,28670
2020-11,SC,446,556538,40875
2020-12,SC,915,683538,90020
2021-01,SD,290,20887,9086
2021-02,SD,110,15759,4177
2021-03,SD,12,4418,1162
2021-04,SD,0,0,0
2021-05,SD,0,0,0
2021-06,SD,0,0,0
2021-07,SD,0,0,0
2021-08,SD,0,0,0
2021-09,SD,0,0,0
2021-10,SD,0,0,0
2021-11,SD,0,0,0
2021-12,SD,0,0,0
2020-01,SD,0,0,0
2020-02,SD,0,0,0
2020-03,SD,1,3604,108
2020-04,SD,16,10970,2341
2020-05,SD,45,24556,2544
2020-06,SD,29,34189,1771
2020-07,SD,39,29547,2000
2020-08,SD,37,30149,4745
2020-09,SD,56,35360,8880
2020-10,SD,202,45160,23603
2020-11,SD,521,34848,34472
2020-12,SD,542,25088,18700
2021-01,TN,2743,0,141059
2021-02,TN,1761,0,47143
2021-03,TN,132,0,7202
2021-04,TN,0,0,0
2021-05,TN,0,0,0
2021-06,TN,0,0,0
2021-07,TN,0,0,0
2021-08,TN,0,0,0
2021-09,TN,0,0,0
2021-10,TN,0,0,0
2021-11,TN,0,0,0
2021-12,TN,0,0,0
2020-01,TN,0,0,0
2020-02,TN,0,0,0
2020-03,TN,23,0,2238
2020-04,TN,176,0,8496
2020-05,TN,165,0,12271
2020-06,TN,240,0,20503
2020-07,TN,456,0,62450
2020-08,TN,694,0,48974
2020-09,TN,700,0,41206
2020-10,TN,899,0,64533
2020-11,TN,1249,0,113821
2020-12,TN,2305,0,212309
2021-01,TX,9054,0,604460
2021-02,TX,6445,0,283392
2021-03,TX,1515,0,42794
2021-04,TX,0,0,0
2021-05,TX,0,0,0
2021-06,TX,0,0,0
2021-07,TX,0,0,0
2021-08,TX,0,0,0
2021-09,TX,0,0,0
2021-10,TX,0,0,0
2021-11,TX,0,0,0
2021-12,TX,0,0,0
2020-01,TX,0,0,0
2020-02,TX,0,0,0
2020-03,TX,41,0,3266
2020-04,TX,741,0,24821
2020-05,TX,890,0,36200
2020-06,TX,752,0,95699
2020-07,TX,4145,0,260960
2020-08,TX,5967,0,192023
2020-09,TX,3175,0,135998
2020-10,TX,2313,0,151629
2020-11,TX,3355,0,377836
2020-12,TX,6058,0,477740
2021-01,UT,396,132977,70012
2021-02,UT,270,100135,24611
2021-03,UT,41,24690,3615
2021-04,UT,0,0,0
2021-05,UT,0,0,0
2021-06,UT,0,0,0
2021-07,UT,0,0,0
2021-08,UT,0,0,0
2021-09,UT,0,0,0
2021-10,UT,0,0,0
2021-11,UT,0,0,0
2021-12,UT,0,0,0
2020-01,UT,0,0,0
2020-02,UT,0,0,0
2020-03,UT,5,20511,886
2020-04,UT,41,88259,3785
2020-05,UT,67,98394,5125
2020-06,UT,59,123066,12420
2020-07,UT,132,159827,17979
2020-08,UT,103,117118,11911
2020-09,UT,52,139755,20935
2020-10,UT,145,185218,41614
2020-11,UT,267,207525,81050
2020-12,UT,398,162803,80906
2021-01,VA,1432,0,155195
2021-02,VA,2088,0,71271
2021-03,VA,1044,0,9650
2021-04,VA,0,0,0
2021-05,VA,0,0,0
2021-06,VA,0,0,0
2021-07,VA,0,0,0
2021-08,VA,0,0,0
2021-09,VA,0,0,0
2021-10,VA,0,0,0
2021-11,VA,0,0,0
2021-12,VA,0,0,0
2020-01,VA,0,0,0
2020-02,VA,0,0,0
2020-03,VA,27,0,1250
2020-04,VA,525,0,14596
2020-05,VA,823,0,28761
2020-06,VA,388,0,18180
2020-07,VA,411,0,27101
2020-08,VA,406,0,30706
2020-09,VA,628,0,27677
2020-10,VA,446,0,32919
2020-11,VA,408,0,56645
2020-12,VA,970,0,111749
2021-01,VI,1,4951,367
2021-02,VI,1,6135,248
2021-03,VI,0,942,68
2021-04,VI,0,0,0
2021-05,VI,0,0,0
2021-06,VI,0,0,0
2021-07,VI,0,0,0
2021-08,VI,0,0,0
2021-09,VI,0,0,0
2021-10,VI,0,0,0
2021-11,VI,0,0,0
2021-12,VI,0,0,0
2020-01,VI,0,0,0
2020-02,VI,0,0,0
2020-03,VI,0,126,29
2020-04,VI,4,681,36
2020-05,VI,2,826,3
2020-06,VI,0,1186,15
2020-07,VI,2,5956,322
2020-08,VI,6,6325,728
2020-09,VI,6,4143,184
2020-10,VI,1,3811,58
2020-11,VI,2,3729,168
2020-12,VI,0,7356,487
2021-01,VT,38,36364,4553
2021-02,VT,30,23830,3233
2021-03,VT,4,4182,885
2021-04,VT,0,0,0
2021-05,VT,0,0,0
2021-06,VT,0,0,0
2021-07,VT,0,0,0
2021-08,VT,0,0,0
2021-09,VT,0,0,0
2021-10,VT,0,0,0
2021-11,VT,0,0,0
2021-12,VT,0,0,0
2020-01,VT,0,0,0
2020-02,VT,0,0,0
2020-03,VT,13,3839,293
2020-04,VT,36,8730,573
2020-05,VT,6,20178,115
2020-06,VT,1,29989,229
2020-07,VT,1,28341,206
2020-08,VT,1,41462,201
2020-09,VT,0,27065,139
2020-10,VT,0,26353,439
2020-11,VT,11,33632,2101
2020-12,VT,67,36095,3116
2021-01,WA,865,0,69267
2021-02,WA,671,0,28176
2021-03,WA,85,0,4759
2021-04,WA,0,0,0
2021-05,WA,0,0,0
2021-06,WA,0,0,0
2021-07,WA,0,0,0
2021-08,WA,0,0,0
2021-09,WA,0,0,0
2021-10,WA,0,0,0
2021-11,WA,0,0,0
2021-12,WA,0,0,0
2020-01,WA,0,0,2
2020-02,WA,5,0,16
2020-03,WA,257,0,5939
2020-04,WA,539,0,9133
2020-05,WA,317,0,7621
2020-06,WA,202,0,11969
2020-07,WA,244,0,24516
2020-08,WA,341,0,17284
2020-09,WA,219,0,13259
2020-10,WA,242,0,21868
2020-11,WA,337,0,64133
2020-12,WA,717,0,66590
2021-01,WI,1192,156931,71702
2021-02,WI,580,119196,25227
2021-03,WI,92,21068,4287
2021-04,WI,0,0,0
2021-05,WI,0,0,0
2021-06,WI,0,0,0
2021-07,WI,0,0,0
2021-08,WI,0,0,0
2021-09,WI,0,0,0
2021-10,WI,0,0,0
2021-11,WI,0,0,0
2021-12,WI,0,0,0
2020-01,WI,0,0,0
2020-02,WI,0,0,0
2020-03,WI,16,17375,1585
2020-04,WI,300,52019,6467
2020-05,WI,276,180709,12512
2020-06,WI,192,289436,11098
2020-07,WI,157,342610,25272
2020-08,WI,189,290705,23634
2020-09,WI,207,250393,48555
2020-10,WI,755,403389,108747
2020-11,WI,1402,323360,173860
2020-12,WI,1748,200673,108708
2021-01,WV,686,0,35667
2021-02,WV,276,0,10854
2021-03,WV,25,0,1590
2021-04,WV,0,0,0
2021-05,WV,0,0,0
2021-06,WV,0,0,0
2021-07,WV,0,0,0
2021-08,WV,0,0,0
2021-09,WV,0,0,0
2021-10,WV,0,0,0
2021-11,WV,0,0,0
2021-12,WV,0,0,0
2020-01,WV,0,0,0
2020-02,WV,0,0,0
2020-03,WV,1,0,162
2020-04,WV,40,0,956
2020-05,WV,34,0,892
2020-06,WV,18,0,895
2020-07,WV,23,0,3737
2020-08,WV,98,0,3608
2020-09,WV,136,0,5598
2020-10,WV,107,0,8612
2020-11,WV,278,0,23382
2020-12,WV,603,0,37492
2021-01,WY,158,12929,7503
2021-02,WY,75,8369,2482
2021-03,WY,11,1438,370
2021-04,WY,0,0,0
2021-05,WY,0,0,0
2021-06,WY,0,0,0
2021-07,WY,0,0,0
2021-08,WY,0,0,0
2021-09,WY,0,0,0
2021-10,WY,0,0,0
2021-11,WY,0,0,0
2021-12,WY,0,0,0
2020-01,WY,0,0,0
2020-02,WY,0,0,0
2020-03,WY,0,1999,109
2020-04,WY,7,6903,450
2020-05,WY,9,14588,344
2020-06,WY,4,8695,584
2020-07,WY,6,18388,1239
2020-08,WY,11,21858,1116
2020-09,WY,13,22781,2106
2020-10,WY,37,22050,7350
2020-11,WY,128,24204,20007
2020-12,WY,223,18062,11104
